{"benchmarks": [[1.1117443240073044, 1.1429780739999842, 1.1162063340016175, 1.1328064490226097, 1.1157315780001227, 1.1364020699984394, 1.1622642400034238, 1.1223747569893021, 1.1445017160149291, 1.0936225629993714], [2.2424171949969605, 2.214852537988918, 1.7451146140228957, 2.129994599992642, 2.2759039189841133, 1.863677445013309, 1.8619529909919947, 2.2583150370046496, 1.9873023840191308, 2.265958361007506], [4.8201710040157195, 4.714275631005876, 4.605388227006188, 4.394467539998004, 4.60317580300034, 4.604433796019293, 4.421135893004248, 4.410908585996367, 4.829164307011524, 4.416139973007375], [14.301055901974905, 12.884945173980668, 13.229033543000696, 13.167209214007016, 13.633623447996797, 13.252374458010308, 13.363265198015142, 13.437662812008057, 13.616544438991696, 13.619495140999788], [38.64031307998812, 39.80915182697936, 38.588583169999765, 38.90946527899359, 39.2424749280035, 39.04001682600938, 39.173029524012236, 39.07471329299733, 38.656079546984984, 38.94662506098393], [121.33977195297484, 121.85255947997211, 121.5924151329964, 122.65614252499654, 122.54566037398763, 120.82921227999032, 121.51026776002254, 123.40448679600377, 124.74084010600927, 123.94121854499099], [381.31659173901426, 384.0521595919854, 381.67888564500026, 390.6096805060224, 385.46624174900353, 387.79661887299153, 380.70443940500263, 380.1136961900047, 385.2090508469846, 382.37811322000925]], "medians": [1127.590603005956, 2172.42356899078, 4603.804799509817, 13400.4640050116, 38993.320943496656, 122199.10992697987, 383215.1364059973], "lengs": [10.0, 31.622776601683793, 100.0, 316.22776601683796, 1000.0, 3162.2776601683795, 10000.0]}