{"benchmarks": [[6.475784162001219, 5.771968104992993, 6.4247617320215795, 6.6073108310229145, 6.603700061998097, 6.565526357997442, 6.676233473001048, 6.575566025974695, 6.693175758991856, 6.601614921994042], [6.753982066002209, 6.5444475959811825, 6.4883123979961965, 6.4867839380167425, 6.588272233988391, 6.518588887003716, 6.52798530497239, 6.654535042005591, 6.761142319010105, 6.741281457012519], [6.543066476006061, 6.62424544498208, 6.546187300991733, 6.5409099939861335, 6.09063532698201, 6.707418726000469, 6.960896728996886, 6.883812799002044, 6.4981015989906155, 6.041406346019357], [7.004641071980586, 6.781403080007294, 6.821665471012238, 7.486463270004606, 6.792917042010231, 6.777919619024033, 6.835406765982043, 6.699091446993407, 6.756135664996691, 6.627226401993539], [6.744300482998369, 6.8916736360115465, 6.64489566499833, 6.663430463988334, 6.759258100006264, 6.84937719698064, 6.650945065979613, 6.147981970978435, 7.046483402024023, 7.022082678013248], [7.194570405001286, 6.659898243000498, 7.009062619996257, 7.02666243998101, 7.1859630859980825, 6.84883410501061, 6.849464294995414, 6.840096051979344, 7.144263954978669, 6.861092387989629], [6.7536731460131705, 7.04594201099826, 7.351428404013859, 6.822385033010505, 6.786259651998989, 6.804509626002982, 6.789179123996291, 6.957623941998463, 6.7534562530054245, 6.695701026997995]], "medians": [6588.590473984368, 6566.359914984787, 6544.626888498897, 6787.160061008763, 6751.7792915023165, 6935.077503992943, 6796.844374999637], "lengs": [10.0, 21.544346900318832, 46.41588833612777, 100.0, 215.44346900318823, 464.15888336127773, 1000.0]}