{"benchmarks": [[0.2971758490020875, 0.2642313210235443, 0.31036774901440367, 0.29628918902017176, 0.33122854700195603, 0.271007189003285, 0.28036083100596443, 0.29909320099977776, 0.30021372900228016, 0.31553115899441764], [0.32402064200141467, 0.30415162598364986, 0.32468072199844755, 0.38096196600236, 0.2636985340213869, 0.3006018970045261, 0.2987392539798748, 0.3741486250073649, 0.2684441369783599, 0.28430181500152685], [0.2791151060082484, 0.28398050300893374, 0.31862602799083106, 0.4456240750150755, 0.32351977899088524, 0.30219103800482117, 0.3412343480158597, 0.3415078109828755, 0.3044820050126873, 0.27991319497232325], [0.2980372879828792, 0.3188790109998081, 0.3043163389957044, 0.3142031750176102, 0.27758670097682625, 0.3260478969896212, 0.27128574598464184, 0.302615834021708, 0.3110789899947122, 0.28880011799628846], [0.27348054200410843, 0.2828038790030405, 0.30232074300874956, 0.2672629890148528, 0.3340366240008734, 0.27452222499414347, 0.31320302799576893, 0.27950733600300737, 0.27704142397851683, 0.297734452993609], [0.37315114500233904, 0.3486091640079394, 0.32310442000743933, 0.270969375007553, 0.28054823400452733, 0.2809960140148178, 0.2921504999976605, 0.2921866910182871, 0.29515002301195636, 0.39293565301341005], [0.2786526059790049, 0.3009991850121878, 0.2851576459943317, 0.27147021002019756, 0.2669626430142671, 0.29010532901156694, 0.2502493580104783, 0.37639325798954815, 0.2714034370146692, 0.27557296099257655], [0.3003228970046621, 0.3080111730087083, 0.3176917220116593, 0.2597857899963856, 0.27031844499288127, 0.33763469199766405, 0.30832253099652007, 0.2952029629959725, 0.30431478898390196, 0.3230404770001769], [0.32537607100675814, 0.31910731000243686, 0.307537177024642, 0.2863010799919721, 0.2741922640125267, 0.2961365600058343, 0.2792785339988768, 0.28187135100597516, 0.33474662600201555, 0.3105260709999129]], "medians": [298.1345250009326, 302.376761494088, 311.5540165017592, 303.4660865087062, 281.15560750302393, 293.6683570151217, 277.1127834857907, 306.1629809963051, 301.83686851523817], "lengs": [10.0, 31.622776601683793, 100.0, 316.22776601683796, 1000.0, 3162.2776601683795, 10000.0, 31622.776601683792, 100000.0]}