{"benchmarks": [[13.076651103998302, 13.082320952991722, 11.281336015003035, 12.929442197986646, 13.524599961005151, 13.135509783984162, 13.162212143011857, 13.591198592999717, 13.002017220976995, 12.906725115986774], [20.600942977995146, 19.627715481998166, 20.601240519987186, 20.50392461998854, 20.352730640996015, 20.39417253001011, 20.35805690800771, 20.56541589400149, 20.856602660001954, 22.627434152003843], [30.80879160799668, 30.434892763005337, 31.10586532400339, 31.17614990801667, 30.056552025023848, 32.32103925399133, 31.697306007001316, 30.37929922598414, 31.46223830099916, 30.492560919985408], [52.1477904820058, 52.85248359700199, 51.946210046997294, 52.30868717699195, 53.9696808620065, 54.04275270400103, 53.06172333899303, 51.80350977400667, 53.02408706099959, 53.219699608016526], [97.54022853300557, 99.47512905299664, 97.7183742870111, 101.36275523700169, 98.76519150298554, 99.39054818000295, 100.71771039199666, 99.01729376899311, 98.87841185199795, 97.96472230399377], [201.87547523801913, 200.68037749899668, 197.1432998449891, 199.7088724350033, 206.64537270800793, 198.5373755779874, 201.13619766497868, 197.73708837400773, 201.24301653899602, 200.680797582987], [412.9813937880099, 415.5545269130089, 432.51992041399353, 416.7114187340194, 415.2667538340029, 415.3920093020133, 415.05380641599186, 417.18516310700215, 415.38474257002235, 416.9419248260092]], "medians": [13079.486028495012, 20534.670256995014, 30957.328466000035, 52938.28532900079, 98947.85281049553, 200680.58754099184, 415473.2681075111], "lengs": [10.0, 21.544346900318832, 46.41588833612777, 100.0, 215.44346900318823, 464.15888336127773, 1000.0]}