{"benchmarks": [[0.5175998889899347, 0.522984548995737, 0.531393498997204, 0.6116198099916801, 0.5107417360122781, 0.5156218530028127, 0.5422464690054767, 0.5207491460023448, 0.5290925920126028, 0.5016481500060763], [0.5189477660169359, 0.5223415619984735, 0.515975670015905, 0.5483961050049402, 0.583224406989757, 0.5156740809907205, 0.5408667039882857, 0.5174058029951993, 0.5337922170001548, 0.5269502960145473], [0.5131021630077157, 0.5511929859931115, 0.49651394502143376, 0.4935727239935659, 0.5176522170077078, 0.5771074579970445, 0.5261302689905278, 0.5342344950186089, 0.5336390979937278, 0.5141387339972425], [0.522779396007536, 0.5194068959972356, 0.5256661140010692, 0.5380833639937919, 0.5265330010151956, 0.5174006629968062, 0.5324803150142543, 0.5716017410159111, 0.5778811120253522, 0.5150671500014141], [0.5254291069868486, 0.5144886260095518, 0.5495828299899586, 0.4982711900083814, 0.5555666150175966, 0.5193711970059667, 0.5506622639950365, 0.5334084430069197, 0.5487558180175256, 0.5516323540068697], [0.5734020980016794, 0.5177125880145468, 0.5352184220100753, 0.5118320109904744, 0.5334192879963666, 0.5172347629850265, 0.5224441769823898, 0.5453099420119543, 0.51756843100884, 0.6376593600143678], [0.5394709719985258, 0.5563956850091927, 0.5171866879973095, 0.557635108998511, 0.5780795289902017, 0.5379934399970807, 0.5130257879791316, 0.5512405640038196, 0.5244331510039046, 0.5139859509945381]], "medians": [521.8668474990409, 524.6459290065104, 521.8912429991178, 526.0995575081324, 541.0821305122226, 527.9317324893782, 538.7322059978032], "lengs": [10.0, 31.622776601683793, 100.0, 316.22776601683796, 1000.0, 3162.2776601683795, 10000.0]}