{"benchmarks": [[25.187163491005776, 26.112818633991992, 26.673231415014016, 26.378153252007905, 26.22968398302328, 26.465101367008174, 26.037194673990598, 26.499305619014194, 24.474574780004332, 26.248216313979356], [27.82856840902241, 25.874070538004162, 26.128100788977463, 27.614599046995863, 26.719692406011745, 26.9887202650134, 27.740005744999507, 26.832058751984732, 32.09085164201679, 27.287599179020617], [26.962982938013738, 27.559925367997494, 26.889831043983577, 27.79123630997492, 27.013155701977666, 27.23577860899968, 27.778919572010636, 27.96216864499729, 27.88363598898286, 26.801089443004457], [28.188970310002333, 27.472192739980528, 27.00619093197747, 27.53873540100176, 28.198947075987235, 27.434932902018772, 28.02443715397385, 27.75503278701217, 26.328137689008145, 27.204629443993326], [27.726054785976885, 28.04259138199268, 29.425490708992584, 29.036668446002295, 28.77677409298485, 29.28952180300257, 28.359153395984322, 27.826275397004792, 29.64102063101018, 28.725096512993332], [29.994600004982203, 30.35165829100879, 29.20542477298295, 29.08474684198154, 29.257070558000123, 30.153493029007223, 29.124171024013776, 29.24890396601404, 29.967455505015096, 28.41958427100326], [28.334855549008353, 30.139877184003126, 29.017759634996764, 29.423545363999438, 29.435969646990998, 29.469035866990453, 30.299835340993013, 30.16292726600659, 28.787608712998917, 29.878971118014306]], "medians": [26238.950148501317, 27138.159722017008, 27397.851988498587, 27505.464070491144, 28750.93530298909, 29252.987262007082, 29452.502756990725], "lengs": [10.0, 21.544346900318832, 46.41588833612777, 100.0, 215.44346900318823, 464.15888336127773, 1000.0]}