{"benchmarks": [[0.3022575590002816, 0.2874716589867603, 0.288226280012168, 0.28490207900176756, 0.3277610340155661, 0.34211429799324833, 0.30197358297300525, 0.3154509119922295, 0.29434264099108987, 0.33666861400706694], [0.338648553006351, 0.36186698800884187, 0.3578104059852194, 0.3138216410006862, 0.33496135199675336, 0.3313629800104536, 0.3511190419958439, 0.30608258000575006, 0.33283406801638193, 0.3337302009749692], [0.4455480939941481, 0.386973320011748, 0.3729615100019146, 0.3567823219927959, 0.4373860379855614, 0.37379989799228497, 0.37778097300906666, 0.3979923489969224, 0.3473657200229354, 0.40334107002126984], [0.47263009697780944, 0.4888180939888116, 0.5090989000163972, 0.4745612629922107, 0.4725884050130844, 0.4379925200191792, 0.47619401101837866, 0.5099912970035803, 0.4723257469886448, 0.47496275597950444], [0.7559669750044122, 0.7111523399944417, 0.8082125860091764, 0.7722200749849435, 0.7125089489854872, 0.8036767700104974, 0.7887421929917764, 0.7108259150118101, 0.751378837012453, 0.8559533419902436], [1.6995778839918785, 1.693895962991519, 1.6798776320065372, 1.721708190976642, 1.7503843759768642, 1.3266090920078568, 1.439901103003649, 1.3182221339957323, 1.3268847090075724, 1.8324735630012583], [4.023256342014065, 3.577598439005669, 3.47766484200838, 3.4517444490047637, 3.460492293990683, 4.440839979011798, 3.502498825022485, 3.474572292994708, 3.527926390990615, 3.398581209999975], [10.272423606016673, 10.31775298100547, 10.342423068999778, 10.347532701998716, 10.415210870007286, 10.33855789899826, 9.89551032500458, 10.08178044599481, 10.06995477899909, 10.037938577996101], [30.97628148199874, 31.118890876998194, 33.17442726099398, 32.783102470013546, 32.26548793000984, 32.83202184399124, 31.615028199972585, 32.04754349900759, 32.00100551400101, 32.05948601898854]], "medians": [302.11557098664343, 334.3457764858613, 382.37714651040733, 474.76200948585756, 764.0935249946779, 1686.886797499028, 3490.0818335154327, 10295.088293511071, 32053.514758998062], "lengs": [10.0, 31.622776601683793, 100.0, 316.22776601683796, 1000.0, 3162.2776601683795, 10000.0, 31622.776601683792, 100000.0]}