{"benchmarks": [[0.505082615010906, 0.5020751339907292, 0.5141281760006677, 0.5020938010129612, 0.513054127979558, 0.5036612160038203, 0.5129662230028771, 0.510993223026162, 0.5208396289963275, 0.5100078060058877], [0.5169852950202767, 0.5085322679951787, 0.5096064760000445, 0.5051015549979638, 0.5081031519803219, 0.5131174210109748, 0.5238478370010853, 0.5002165999903809, 0.5161660969897639, 0.5160426800139248], [0.5120768829947338, 0.5099355349957477, 0.5089794549858198, 0.5088378229993396, 0.5174721390067134, 0.5354710390092805, 0.47255003202008083, 0.5094616819988005, 0.5146643560146913, 0.5387574789929204], [0.5206124300020747, 0.5123492989805527, 0.5482151930045802, 0.5433268930064514, 0.5622318589885253, 0.613241813989589, 0.5432994500151835, 0.559792970016133, 0.5805893450160511, 0.5780366160033736], [0.5466226639982779, 0.5790566910000052, 0.5860739409981761, 0.5332367189985234, 0.5549478009925224, 0.5497232130146585, 0.5331201190128922, 0.5508926839975175, 0.6179842230048962, 0.5629815389984287], [0.5720202490047086, 0.5283616230008192, 0.531207177991746, 0.6169658079743385, 0.5386344270082191, 0.5529650179960299, 0.5641233030182775, 0.6017134270223323, 0.6682113260030746, 0.5687559889920522], [0.529272106999997, 0.4977170639904216, 0.5782494869781658, 0.5213657109998167, 0.5830956530116964, 0.5412501259997953, 0.6481534109916538, 0.5373332620074507, 0.5523053409997374, 0.5097854979976546]], "medians": [510.50051451602485, 511.36194850550964, 511.00620899524074, 554.0040815103566, 552.9202424950199, 566.4396460051648, 539.291694003623], "lengs": [10.0, 31.622776601683793, 100.0, 316.22776601683796, 1000.0, 3162.2776601683795, 10000.0]}