{"benchmarks": [[0.4774620519892778, 0.27595589199336246, 0.3540792989952024, 0.31779500999255106, 0.29883789300220087, 0.2906379400228616, 0.29592845900333486, 0.29178055899683386, 0.32803802500711754, 0.30042949598282576], [0.3004022949899081, 0.3114099200174678, 0.283502625010442, 0.28482241099118255, 0.2768693690013606, 0.28713406101451255, 0.28573833298287354, 0.29439240900683217, 0.28892886301036924, 0.3211630590085406], [0.3788527410069946, 0.38092920201597735, 0.29329502998734824, 0.3132838160090614, 0.3186133969866205, 0.276506325986702, 0.2949713639973197, 0.28605433701886795, 0.2806149039824959, 0.28054679901106283], [0.3077269250061363, 0.2793792989978101, 0.25235198900918476, 0.34044435498071834, 0.24646155899972655, 0.32974961699801497, 0.28208281300612725, 0.3668408730009105, 0.2749548710125964, 0.2961942330002785], [0.27917284800787456, 0.28747582199866883, 0.2731105819984805, 0.31530671400832944, 0.27091577200917527, 0.2748113050183747, 0.27391506399726495, 0.2793533290096093, 0.27832787999068387, 0.2848770119890105], [0.3250412689812947, 0.276316309988033, 0.3195446649915539, 0.2798132049792912, 0.28326741498312913, 0.30102867100504227, 0.26943594397744164, 0.32044991399743594, 0.32144301998778246, 0.2847795920097269], [0.3317537849943619, 0.2947714060137514, 0.277531989995623, 0.28661671798909083, 0.28756618697661906, 0.28913479298353195, 0.2766409470059443, 0.2888532360084355, 0.3114433650043793, 0.31928477899054997], [0.36719959101174027, 0.27487419598037377, 0.2955336490122136, 0.2732869510073215, 0.28169147900189273, 0.29032580499188043, 0.2809006889874581, 0.2821378980006557, 0.28738909799722023, 0.2870906480238773], [0.3166008449916262, 0.28151840399368666, 0.29323916300199926, 0.27349552998202853, 0.2891255129943602, 0.28859852100140415, 0.28383843900519423, 0.28913394300616346, 0.28757263999432325, 0.2832974750199355]], "medians": [299.6336944925133, 288.0314620124409, 294.133196992334, 289.13852300320286, 278.7503639992792, 292.9041315073846, 288.9940144959837, 284.6142730122665, 288.0855804978637], "lengs": [10.0, 31.622776601683793, 100.0, 316.22776601683796, 1000.0, 3162.2776601683795, 10000.0, 31622.776601683792, 100000.0]}