{"lengs":[10.0,21.544346900318832,46.4158883361278,100.0,215.44346900318845,464.15888336127773,1000.0],"benchmarks":[["Trial",{"allocs":10,"gctimes":[0.0,0.0,0.0,0.0,0.0,0.0,0.0,0.0,0.0,0.0,0.0,0.0,0.0,0.0,0.0,0.0,0.0,0.0,0.0],"memory":10288,"params":["Parameters",{"gctrial":true,"time_tolerance":0.05,"samples":10000,"evals":1,"gcsample":false,"seconds":5.0,"overhead":0.0,"memory_tolerance":0.01}],"times":[2.70701577e8,2.69187033e8,2.69166705e8,2.7086469e8,2.69025932e8,2.69074288e8,2.69038787e8,2.70176702e8,2.70011206e8,2.69807854e8,2.68190941e8,2.69483495e8,2.68192271e8,2.68647966e8,2.68716485e8,2.69182753e8,2.68837936e8,2.70538852e8,2.68539329e8]}],["Trial",{"allocs":10,"gctimes":[0.0,0.0,0.0,0.0,0.0,0.0,0.0,0.0,0.0],"memory":10288,"params":["Parameters",{"gctrial":true,"time_tolerance":0.05,"samples":10000,"evals":1,"gcsample":false,"seconds":5.0,"overhead":0.0,"memory_tolerance":0.01}],"times":[5.88617739e8,5.869846e8,5.87217997e8,5.89927486e8,5.89352739e8,5.92432765e8,5.88569314e8,5.89039275e8,5.86608895e8]}],["Trial",{"allocs":10,"gctimes":[0.0,0.0,0.0,0.0,0.0],"memory":10288,"params":["Parameters",{"gctrial":true,"time_tolerance":0.05,"samples":10000,"evals":1,"gcsample":false,"seconds":5.0,"overhead":0.0,"memory_tolerance":0.01}],"times":[1.196268114e9,1.194178413e9,1.197809159e9,1.275123941e9,1.199083495e9]}],["Trial",{"allocs":10,"gctimes":[0.0,0.0,0.0],"memory":10288,"params":["Parameters",{"gctrial":true,"time_tolerance":0.05,"samples":10000,"evals":1,"gcsample":false,"seconds":5.0,"overhead":0.0,"memory_tolerance":0.01}],"times":[2.466811797e9,2.464174076e9,2.469164259e9]}],["Trial",{"allocs":10,"gctimes":[0.0],"memory":10288,"params":["Parameters",{"gctrial":true,"time_tolerance":0.05,"samples":10000,"evals":1,"gcsample":false,"seconds":5.0,"overhead":0.0,"memory_tolerance":0.01}],"times":[5.193676628e9]}],["Trial",{"allocs":10,"gctimes":[0.0],"memory":10288,"params":["Parameters",{"gctrial":true,"time_tolerance":0.05,"samples":10000,"evals":1,"gcsample":false,"seconds":5.0,"overhead":0.0,"memory_tolerance":0.01}],"times":[1.1083315871e10]}],["Trial",{"allocs":10,"gctimes":[0.0],"memory":10288,"params":["Parameters",{"gctrial":true,"time_tolerance":0.05,"samples":10000,"evals":1,"gcsample":false,"seconds":5.0,"overhead":0.0,"memory_tolerance":0.01}],"times":[2.4013832418e10]}]],"medians":[269.166705,588.617739,1197.809159,2466.811797,5193.676628,11083.315871,24013.832418]}