{"lengs":[10.0,21.544346900318832,46.4158883361278,100.0,215.44346900318845,464.15888336127773,1000.0],"benchmarks":[["Trial",{"allocs":13,"gctimes":[0.0,0.0,0.0,0.0,0.0,0.0,0.0,0.0],"memory":91264,"params":["Parameters",{"gctrial":true,"time_tolerance":0.05,"samples":10000,"evals":1,"gcsample":false,"seconds":5.0,"overhead":0.0,"memory_tolerance":0.01}],"times":[8.12713738e8,6.8745334e8,7.57813038e8,5.4332561e8,4.82596521e8,9.78427599e8,2.6617398e8,1.038825744e9]}],["Trial",{"allocs":13,"gctimes":[0.0,0.0],"memory":91264,"params":["Parameters",{"gctrial":true,"time_tolerance":0.05,"samples":10000,"evals":1,"gcsample":false,"seconds":5.0,"overhead":0.0,"memory_tolerance":0.01}],"times":[4.800958445e9,6.541053775e9]}],["Trial",{"allocs":13,"gctimes":[0.0],"memory":91264,"params":["Parameters",{"gctrial":true,"time_tolerance":0.05,"samples":10000,"evals":1,"gcsample":false,"seconds":5.0,"overhead":0.0,"memory_tolerance":0.01}],"times":[2.2315465178e10]}],["Trial",{"allocs":13,"gctimes":[0.0],"memory":91264,"params":["Parameters",{"gctrial":true,"time_tolerance":0.05,"samples":10000,"evals":1,"gcsample":false,"seconds":5.0,"overhead":0.0,"memory_tolerance":0.01}],"times":[5.6553393384e10]}],["Trial",{"allocs":13,"gctimes":[0.0],"memory":91264,"params":["Parameters",{"gctrial":true,"time_tolerance":0.05,"samples":10000,"evals":1,"gcsample":false,"seconds":5.0,"overhead":0.0,"memory_tolerance":0.01}],"times":[1.35067416068e11]}],["Trial",{"allocs":13,"gctimes":[0.0],"memory":91264,"params":["Parameters",{"gctrial":true,"time_tolerance":0.05,"samples":10000,"evals":1,"gcsample":false,"seconds":5.0,"overhead":0.0,"memory_tolerance":0.01}],"times":[3.01516697037e11]}],["Trial",{"allocs":13,"gctimes":[0.0],"memory":91264,"params":["Parameters",{"gctrial":true,"time_tolerance":0.05,"samples":10000,"evals":1,"gcsample":false,"seconds":5.0,"overhead":0.0,"memory_tolerance":0.01}],"times":[6.53130237149e11]}]],"medians":[722.633189,5671.00611,22315.465178,56553.393384,135067.416068,301516.697037,653130.237149]}