{"lengs":[10.0,31.622776601683793,100.0,316.22776601683796,1000.0,3162.2776601683795,10000.0,31622.776601683792,100000.0],"benchmarks":[["Trial",{"allocs":10,"gctimes":[0.0,0.0,0.0,0.0,0.0,0.0,0.0,0.0,0.0,0.0,0.0,0.0,0.0,0.0,0.0,0.0,0.0,0.0],"memory":3136,"params":["Parameters",{"gctrial":true,"time_tolerance":0.05,"samples":10000,"evals":1,"gcsample":false,"seconds":5.0,"overhead":0.0,"memory_tolerance":0.01}],"times":[2.93615037e8,2.95884692e8,2.95372399e8,2.92527528e8,2.9479367e8,2.92388927e8,2.94828915e8,2.92626641e8,2.93448991e8,2.93470033e8,2.93593016e8,2.92363658e8,2.94296977e8,2.95197637e8,2.93370426e8,2.9578752e8,2.92924409e8,2.93765053e8]}],["Trial",{"allocs":10,"gctimes":[0.0,0.0,0.0,0.0,0.0,0.0],"memory":3136,"params":["Parameters",{"gctrial":true,"time_tolerance":0.05,"samples":10000,"evals":1,"gcsample":false,"seconds":5.0,"overhead":0.0,"memory_tolerance":0.01}],"times":[8.76801748e8,8.80029949e8,8.86486656e8,8.91132194e8,8.69253718e8,8.62528772e8]}],["Trial",{"allocs":10,"gctimes":[0.0,0.0],"memory":3136,"params":["Parameters",{"gctrial":true,"time_tolerance":0.05,"samples":10000,"evals":1,"gcsample":false,"seconds":5.0,"overhead":0.0,"memory_tolerance":0.01}],"times":[2.646234049e9,2.648908962e9]}],["Trial",{"allocs":10,"gctimes":[0.0],"memory":3136,"params":["Parameters",{"gctrial":true,"time_tolerance":0.05,"samples":10000,"evals":1,"gcsample":false,"seconds":5.0,"overhead":0.0,"memory_tolerance":0.01}],"times":[8.313557644e9]}],["Trial",{"allocs":10,"gctimes":[0.0],"memory":3136,"params":["Parameters",{"gctrial":true,"time_tolerance":0.05,"samples":10000,"evals":1,"gcsample":false,"seconds":5.0,"overhead":0.0,"memory_tolerance":0.01}],"times":[2.6403524325e10]}],["Trial",{"allocs":10,"gctimes":[0.0],"memory":3136,"params":["Parameters",{"gctrial":true,"time_tolerance":0.05,"samples":10000,"evals":1,"gcsample":false,"seconds":5.0,"overhead":0.0,"memory_tolerance":0.01}],"times":[8.585977946e10]}],["Trial",{"allocs":10,"gctimes":[0.0],"memory":3136,"params":["Parameters",{"gctrial":true,"time_tolerance":0.05,"samples":10000,"evals":1,"gcsample":false,"seconds":5.0,"overhead":0.0,"memory_tolerance":0.01}],"times":[2.71138716544e11]}],["Trial",{"allocs":10,"gctimes":[0.0],"memory":3136,"params":["Parameters",{"gctrial":true,"time_tolerance":0.05,"samples":10000,"evals":1,"gcsample":false,"seconds":5.0,"overhead":0.0,"memory_tolerance":0.01}],"times":[8.37961710272e11]}],["Trial",{"allocs":10,"gctimes":[0.0],"memory":3136,"params":["Parameters",{"gctrial":true,"time_tolerance":0.05,"samples":10000,"evals":1,"gcsample":false,"seconds":5.0,"overhead":0.0,"memory_tolerance":0.01}],"times":[2.606260383386e12]}]],"medians":[293.6040265,878.4158485,2647.5715055,8313.557644,26403.524325,85859.77946,271138.716544,837961.710272,2.606260383386e6]}