{"lengs":[10.0,31.622776601683793,100.0,316.22776601683796,1000.0,3162.2776601683795,10000.0,31622.776601683792,100000.0],"benchmarks":[["Trial",{"allocs":10,"gctimes":[0.0,0.0,0.0,0.0,0.0,0.0,0.0,0.0,0.0,0.0,0.0,0.0,0.0,0.0,0.0,0.0,0.0,0.0,0.0,0.0,0.0,0.0,0.0,0.0,0.0,0.0,0.0,0.0,0.0,0.0,0.0,0.0,0.0,0.0,0.0,0.0,0.0,0.0,0.0,0.0,0.0,0.0,0.0,0.0,0.0,0.0,0.0,0.0,0.0,0.0],"memory":3136,"params":["Parameters",{"gctrial":true,"time_tolerance":0.05,"samples":10000,"evals":1,"gcsample":false,"seconds":5.0,"overhead":0.0,"memory_tolerance":0.01}],"times":[1.01968851e8,1.01134146e8,1.00373425e8,1.00526252e8,1.02347301e8,1.01609292e8,1.02281479e8,1.0174109e8,1.01642927e8,1.02032674e8,1.02275479e8,1.0259412e8,1.01809572e8,1.02046913e8,1.00834802e8,1.01422856e8,1.00219631e8,1.01870162e8,1.01025303e8,1.01534074e8,9.9986891e7,1.01313661e8,1.01895907e8,1.02811522e8,1.02256296e8,1.02272063e8,1.01322731e8,1.02734963e8,1.01955418e8,1.01494478e8,1.01336994e8,1.02381227e8,1.02381372e8,1.01646616e8,1.01026342e8,1.01403456e8,1.00308767e8,1.00810245e8,1.00834763e8,1.00015771e8,1.02545911e8,1.00323618e8,1.02035525e8,1.01073093e8,1.02025078e8,1.01188308e8,1.01367804e8,1.01764519e8,1.01806389e8,1.01867732e8]}],["Trial",{"allocs":10,"gctimes":[0.0,0.0,0.0,0.0,0.0,0.0,0.0,0.0,0.0,0.0,0.0,0.0,0.0,0.0,0.0,0.0,0.0,0.0],"memory":3136,"params":["Parameters",{"gctrial":true,"time_tolerance":0.05,"samples":10000,"evals":1,"gcsample":false,"seconds":5.0,"overhead":0.0,"memory_tolerance":0.01}],"times":[2.94208713e8,2.92805395e8,2.91813791e8,2.90655352e8,2.93140353e8,2.91320716e8,2.92994375e8,2.93743441e8,2.95632792e8,2.95284611e8,2.93695078e8,2.94289356e8,2.93617774e8,2.9516024e8,2.91976771e8,2.93380791e8,2.92748014e8,2.94925855e8]}],["Trial",{"allocs":10,"gctimes":[0.0,0.0,0.0,0.0,0.0,0.0],"memory":3136,"params":["Parameters",{"gctrial":true,"time_tolerance":0.05,"samples":10000,"evals":1,"gcsample":false,"seconds":5.0,"overhead":0.0,"memory_tolerance":0.01}],"times":[9.02051905e8,8.95451813e8,8.93620129e8,8.92731807e8,9.06924971e8,9.00579808e8]}],["Trial",{"allocs":10,"gctimes":[0.0,0.0],"memory":3136,"params":["Parameters",{"gctrial":true,"time_tolerance":0.05,"samples":10000,"evals":1,"gcsample":false,"seconds":5.0,"overhead":0.0,"memory_tolerance":0.01}],"times":[3.474701813e9,3.320165332e9]}],["Trial",{"allocs":10,"gctimes":[0.0],"memory":3136,"params":["Parameters",{"gctrial":true,"time_tolerance":0.05,"samples":10000,"evals":1,"gcsample":false,"seconds":5.0,"overhead":0.0,"memory_tolerance":0.01}],"times":[8.906135031e9]}],["Trial",{"allocs":10,"gctimes":[0.0],"memory":3136,"params":["Parameters",{"gctrial":true,"time_tolerance":0.05,"samples":10000,"evals":1,"gcsample":false,"seconds":5.0,"overhead":0.0,"memory_tolerance":0.01}],"times":[2.8223005056e10]}],["Trial",{"allocs":10,"gctimes":[0.0],"memory":3136,"params":["Parameters",{"gctrial":true,"time_tolerance":0.05,"samples":10000,"evals":1,"gcsample":false,"seconds":5.0,"overhead":0.0,"memory_tolerance":0.01}],"times":[9.0643024449e10]}],["Trial",{"allocs":10,"gctimes":[0.0],"memory":3136,"params":["Parameters",{"gctrial":true,"time_tolerance":0.05,"samples":10000,"evals":1,"gcsample":false,"seconds":5.0,"overhead":0.0,"memory_tolerance":0.01}],"times":[2.87280850137e11]}],["Trial",{"allocs":10,"gctimes":[0.0],"memory":3136,"params":["Parameters",{"gctrial":true,"time_tolerance":0.05,"samples":10000,"evals":1,"gcsample":false,"seconds":5.0,"overhead":0.0,"memory_tolerance":0.01}],"times":[9.01528741675e11]}]],"medians":[101.6447715,293.4992825,898.0158105,3397.4335725,8906.135031,28223.005056,90643.024449,287280.850137,901528.741675]}