{"lengs":[10.0,21.544346900318832,46.4158883361278,100.0,215.44346900318845,464.15888336127773,1000.0],"benchmarks":[["Trial",{"allocs":13,"gctimes":[0.0,0.0,0.0,0.0,0.0,0.0,0.0,0.0,0.0,0.0,0.0,0.0],"memory":91264,"params":["Parameters",{"gctrial":true,"time_tolerance":0.05,"samples":10000,"evals":1,"gcsample":false,"seconds":5.0,"overhead":0.0,"memory_tolerance":0.01}],"times":[4.3059107e8,3.07879169e8,3.44586696e8,6.06093385e8,4.75512168e8,4.4984503e8,3.87779069e8,3.45427037e8,3.65354068e8,4.82415669e8,4.30073075e8,4.46126461e8]}],["Trial",{"allocs":13,"gctimes":[0.0,0.0,0.0,0.0],"memory":91264,"params":["Parameters",{"gctrial":true,"time_tolerance":0.05,"samples":10000,"evals":1,"gcsample":false,"seconds":5.0,"overhead":0.0,"memory_tolerance":0.01}],"times":[1.873554904e9,1.697030981e9,1.336001738e9,1.747800563e9]}],["Trial",{"allocs":13,"gctimes":[0.0],"memory":91264,"params":["Parameters",{"gctrial":true,"time_tolerance":0.05,"samples":10000,"evals":1,"gcsample":false,"seconds":5.0,"overhead":0.0,"memory_tolerance":0.01}],"times":[5.304672507e9]}],["Trial",{"allocs":13,"gctimes":[0.0],"memory":91264,"params":["Parameters",{"gctrial":true,"time_tolerance":0.05,"samples":10000,"evals":1,"gcsample":false,"seconds":5.0,"overhead":0.0,"memory_tolerance":0.01}],"times":[1.1245548958e10]}],["Trial",{"allocs":13,"gctimes":[0.0],"memory":91264,"params":["Parameters",{"gctrial":true,"time_tolerance":0.05,"samples":10000,"evals":1,"gcsample":false,"seconds":5.0,"overhead":0.0,"memory_tolerance":0.01}],"times":[2.0936956357e10]}],["Trial",{"allocs":13,"gctimes":[0.0],"memory":91264,"params":["Parameters",{"gctrial":true,"time_tolerance":0.05,"samples":10000,"evals":1,"gcsample":false,"seconds":5.0,"overhead":0.0,"memory_tolerance":0.01}],"times":[3.458964952e10]}],["Trial",{"allocs":13,"gctimes":[0.0],"memory":91264,"params":["Parameters",{"gctrial":true,"time_tolerance":0.05,"samples":10000,"evals":1,"gcsample":false,"seconds":5.0,"overhead":0.0,"memory_tolerance":0.01}],"times":[5.5613041355e10]}]],"medians":[430.3320725,1722.415772,5304.672507,11245.548958,20936.956357,34589.64952,55613.041355]}