{"lengs":[10.0,31.622776601683793,100.0,316.22776601683796,1000.0,3162.2776601683795,10000.0,31622.776601683792,100000.0],"benchmarks":[["Trial",{"allocs":10,"gctimes":[0.0,0.0,0.0,0.0,0.0,0.0,0.0,0.0,0.0,0.0,0.0,0.0,0.0,0.0,0.0,0.0,0.0,0.0,0.0,0.0,0.0,0.0,0.0,0.0,0.0,0.0,0.0,0.0,0.0,0.0,0.0,0.0,0.0,0.0,0.0,0.0,0.0,0.0,0.0,0.0,0.0,0.0,0.0,0.0,0.0,0.0,0.0,0.0,0.0,0.0,0.0,0.0,0.0,0.0,0.0,0.0,0.0,0.0,0.0,0.0,0.0,0.0,0.0,0.0,0.0,0.0,0.0,0.0,0.0,0.0],"memory":3136,"params":["Parameters",{"gctrial":true,"time_tolerance":0.05,"samples":10000,"evals":1,"gcsample":false,"seconds":5.0,"overhead":0.0,"memory_tolerance":0.01}],"times":[7.2210505e7,7.1871384e7,7.1801484e7,7.1805929e7,7.2067504e7,7.1573123e7,7.1975138e7,7.2445046e7,7.1735046e7,7.2064597e7,7.2570548e7,7.2407273e7,7.2442488e7,7.1971191e7,7.2431795e7,7.2246934e7,7.3057939e7,7.2116436e7,7.2334057e7,7.1997571e7,7.2017909e7,7.211841e7,7.2099038e7,7.1589841e7,7.1783295e7,7.2449774e7,7.1877651e7,7.1864146e7,7.2368484e7,7.2603327e7,7.2405201e7,7.2330941e7,7.2195641e7,7.1523531e7,7.1802491e7,7.2351641e7,7.1955335e7,7.2412898e7,7.1914801e7,7.1649009e7,7.2203232e7,7.1887822e7,7.2629687e7,7.2231555e7,7.157938e7,7.2533557e7,7.1965195e7,7.2843073e7,7.1885052e7,7.200574e7,7.1349321e7,7.1525302e7,7.1673968e7,7.2633742e7,7.1599664e7,7.2234759e7,7.1422408e7,7.3355391e7,7.1712961e7,7.1621995e7,7.1834412e7,7.1843101e7,7.2271203e7,7.2564435e7,7.1459765e7,7.1906134e7,7.2500379e7,7.2297586e7,7.1808804e7,7.1789917e7]}],["Trial",{"allocs":10,"gctimes":[0.0,0.0,0.0,0.0,0.0,0.0,0.0,0.0,0.0,0.0,0.0,0.0,0.0,0.0,0.0,0.0,0.0,0.0,0.0,0.0,0.0,0.0,0.0],"memory":3136,"params":["Parameters",{"gctrial":true,"time_tolerance":0.05,"samples":10000,"evals":1,"gcsample":false,"seconds":5.0,"overhead":0.0,"memory_tolerance":0.01}],"times":[2.23104287e8,2.23111319e8,2.23765201e8,2.23018612e8,2.23127471e8,2.23856707e8,2.24049459e8,2.2399457e8,2.23010395e8,2.2393908e8,2.21301636e8,2.23863446e8,2.24120665e8,2.24337631e8,2.23234071e8,2.22367429e8,2.22816247e8,2.20932734e8,2.2250452e8,2.22744888e8,2.19172252e8,2.23940064e8,2.23847989e8]}],["Trial",{"allocs":10,"gctimes":[0.0,0.0,0.0,0.0,0.0,0.0,0.0,0.0],"memory":3136,"params":["Parameters",{"gctrial":true,"time_tolerance":0.05,"samples":10000,"evals":1,"gcsample":false,"seconds":5.0,"overhead":0.0,"memory_tolerance":0.01}],"times":[7.06461838e8,7.03542116e8,7.01602679e8,7.00347698e8,7.00657944e8,6.98539972e8,7.01276382e8,7.00866364e8]}],["Trial",{"allocs":10,"gctimes":[0.0,0.0,0.0],"memory":3136,"params":["Parameters",{"gctrial":true,"time_tolerance":0.05,"samples":10000,"evals":1,"gcsample":false,"seconds":5.0,"overhead":0.0,"memory_tolerance":0.01}],"times":[2.215154449e9,2.21183963e9,2.218734779e9]}],["Trial",{"allocs":10,"gctimes":[0.0],"memory":3136,"params":["Parameters",{"gctrial":true,"time_tolerance":0.05,"samples":10000,"evals":1,"gcsample":false,"seconds":5.0,"overhead":0.0,"memory_tolerance":0.01}],"times":[6.993672158e9]}],["Trial",{"allocs":10,"gctimes":[0.0],"memory":3136,"params":["Parameters",{"gctrial":true,"time_tolerance":0.05,"samples":10000,"evals":1,"gcsample":false,"seconds":5.0,"overhead":0.0,"memory_tolerance":0.01}],"times":[2.2059741878e10]}],["Trial",{"allocs":10,"gctimes":[0.0],"memory":3136,"params":["Parameters",{"gctrial":true,"time_tolerance":0.05,"samples":10000,"evals":1,"gcsample":false,"seconds":5.0,"overhead":0.0,"memory_tolerance":0.01}],"times":[6.9861063285e10]}],["Trial",{"allocs":10,"gctimes":[0.0],"memory":3136,"params":["Parameters",{"gctrial":true,"time_tolerance":0.05,"samples":10000,"evals":1,"gcsample":false,"seconds":5.0,"overhead":0.0,"memory_tolerance":0.01}],"times":[2.2094626681e11]}],["Trial",{"allocs":10,"gctimes":[0.0],"memory":3136,"params":["Parameters",{"gctrial":true,"time_tolerance":0.05,"samples":10000,"evals":1,"gcsample":false,"seconds":5.0,"overhead":0.0,"memory_tolerance":0.01}],"times":[7.00988663136e11]}]],"medians":[72.0118245,223.127471,701.071373,2215.154449,6993.672158,22059.741878,69861.063285,220946.26681,700988.663136]}