{"benchmarks": [[6812.092431104, 7034.436604045999, 6819.619851815001, 6908.803223839001, 6856.847621513996, 7053.409239995002, 6852.016989372001, 6838.5377079040045, 6721.591143180005, 6821.902318535998], [6770.465749056995, 6922.593100754006, 6687.961945150993, 7002.04462401499, 6834.61377723499, 6767.973160733993, 6705.366651737, 6831.159689847002, 6706.631060878019, 6870.188575833978], [6763.000077596982, 6827.152101938002, 6732.423532479996, 6957.868074668979, 6793.811116919998, 6899.883830897015, 6914.650231385982, 6869.749244280014, 6771.571836632997, 6782.524564850988], [6018.403895623982, 6097.8154512489855, 6059.454931779997, 6083.4740765239985, 5984.891289541003, 6101.408767994988, 6112.367920513992, 6630.780405537982, 6257.539407128032, 6159.461114573001]], "medians": [6845277.348638003, 6800812.719451998, 6810481.609429, 6099612.109621987], "lengs": [10.0, 21.544346900318832, 46.41588833612777, 100.0]}