{"benchmarks": [[0.010720901016611606, 0.008344511996256188, 0.007998863991815597, 0.007927661994472146, 0.007979346992215142, 0.007923758996184915, 0.007868054002756253, 0.00790653401054442, 0.007913303998066112, 0.007974403008120134], [0.017557063983986154, 0.017579100996954367, 0.017624221014557406, 0.017463260010117665, 0.017682741017779335, 0.017462390998844057, 0.01753919798647985, 0.017543331981869414, 0.01752951298840344, 0.017504129005828872], [0.04737363397725858, 0.04745927400654182, 0.04784062900580466, 0.04765617600060068, 0.047233591991243884, 0.047495712991803885, 0.04727540799649432, 0.04742190201068297, 0.047737977001816034, 0.04761164297815412], [0.14202866901177913, 0.14213712501805276, 0.14335808300529607, 0.14269016199978068, 0.1423374669975601, 0.142042532999767, 0.1424117439892143, 0.1423425560060423, 0.14251918898662552, 0.14294956999947317], [0.4408364810224157, 0.44121939298929647, 0.44125804901705123, 0.44094128799042664, 0.332387533999281, 0.3234743619977962, 0.3289464299741667, 0.3231383780075703, 0.3263226600247435, 0.36935475398786366], [1.0188440330093727, 1.0180962409940548, 1.0243409120012075, 1.0703851080033928, 1.0154588290024549, 1.0165707140113227, 1.0146193950204179, 1.0215891989937518, 1.0273095949960407, 1.015362220001407], [3.2010952540149447, 3.2535064140101895, 3.197360990976449, 3.3386095959867816, 3.199582752014976, 3.218758050003089, 3.223459547996754, 3.21417701698374, 3.1957385489949957, 3.2308949080179445], [10.184213761007413, 10.204520669998601, 10.298502925987123, 10.187802917993395, 10.134365646983497, 10.244087041006424, 10.10808674900909, 10.157050014997367, 10.305929665977601, 10.267379160999553], [32.095666438981425, 32.13196534299641, 32.22689963999437, 32.383067446993664, 31.91972439698293, 31.84236254199641, 31.90052469598595, 32.15219036699273, 32.10591299200314, 31.972630512987962]], "medians": [7.95103250129614, 17.54126498417463, 47.47749349917285, 142.3771499976283, 350.87114399357233, 1018.4701370017137, 3216.4675334934145, 10196.161793995998, 32100.789715492283], "lengs": [10.0, 31.622776601683793, 100.0, 316.22776601683796, 1000.0, 3162.2776601683795, 10000.0, 31622.776601683792, 100000.0]}