{"benchmarks": [[0.9785187740053516, 0.9686612620134838, 0.9705167149950285, 0.8420248190232087, 0.7133025839866605, 0.7108642810198944, 0.7120198290213011, 0.713452561001759, 0.71294089499861, 0.7117621640209109], [1.9106999750074465, 1.9002221730188467, 1.9083915829833131, 1.9085249500058126, 1.9003060120157897, 1.9239777009934187, 1.9168346649967134, 1.9135365999827627, 1.9097396970028058, 1.9075819209974725], [5.609895808011061, 5.597976206976455, 5.665653942996869, 5.615550015005283, 5.640005544992164, 5.652018980006687, 5.65853500799858, 5.636514685989823, 5.601282292016549, 5.6074741529882886], [16.950945871998556, 16.917837813991355, 17.118502625002293, 16.960449672013056, 17.10592306399485, 17.134165959985694, 16.820333487004973, 16.909808522003004, 17.183501072984654, 17.325050799991004], [54.677790691988776, 54.376552672998514, 54.91127481200965, 54.89474036800675, 54.627298998006154, 54.27068203900126, 54.172706454002764, 54.109533206006745, 54.14269834800507, 54.15720621700166], [170.8865000079968, 170.61465370299993, 170.54875563798123, 170.38774240601924, 170.27587157598464, 170.45004795200657, 170.23910069701378, 171.9005162359972, 173.16270151399658, 170.3967617309827], [538.5803743319993, 538.7115396379959, 542.1046649269992, 542.8755379639915, 538.401704570977, 538.4760912659985, 540.597189727996, 538.879434403003, 539.9129501440038, 539.5315721679945]], "medians": [713.3775724942097, 1909.1323235043092, 5626.032350497553, 17033.186368003953, 54323.617355999886, 170499.4017949939, 539205.5032854987], "lengs": [10.0, 31.622776601683793, 100.0, 316.22776601683796, 1000.0, 3162.2776601683795, 10000.0]}