{"benchmarks": [[0.9791145680064801, 0.9798393270175438, 0.9856458779831883, 0.977496917010285, 0.9780573850148357, 0.9824156689865049, 0.9803414779889863, 0.9787653379898984, 0.9802924660034478, 0.9801817599800415], [2.4451730140135624, 2.54917587901582, 2.454384595999727, 2.4583545490168035, 2.463917736982694, 2.4516944520000834, 2.439475347986445, 2.440161200996954, 2.4336368160147686, 2.433381130977068], [4.332004834985128, 4.335854848992312, 4.331461836001836, 4.333478155022021, 4.332016726984875, 4.336479307996342, 4.333828261005692, 4.338734211982228, 4.334639325010357, 4.335776560008526], [6.003137181978673, 5.995412357995519, 5.997006215999136, 5.998384331993293, 5.9964770340011455, 5.99807157900068, 5.998908519017277, 5.996306354005355, 6.020801903010579, 6.001163907989394], [6.4168296470015775, 6.4234672380262055, 6.438227089005522, 6.435304116021143, 6.531799080024939, 6.483047224988695, 6.453535681008361, 6.445036636985606, 6.4452090590202715, 6.438002253999002], [7.861787210014882, 7.85407704001409, 7.853971731005004, 7.852942981000524, 7.860381607984891, 7.9041885470214766, 7.854990649007959, 7.853525618993444, 7.855838985007722, 7.848504790017614], [8.251906991994474, 8.274175872007618, 8.298704860993894, 8.272995908977464, 8.263004320004256, 8.272034452005755, 8.285051635000855, 8.294200280011864, 8.278607210988412, 8.281261388998246]], "medians": [980.0105434987927, 2448.433733006823, 4334.233793008025, 5998.227955496986, 6441.631862995564, 7854.533844511025, 8276.391541498015], "lengs": [10.0, 21.544346900318832, 46.41588833612777, 100.0, 215.44346900318823, 464.15888336127773, 1000.0]}