{"benchmarks": [[471.9908447759808, 473.1907054290059, 505.0657680950244, 520.0971065979975, 529.3933863590064, 518.2175991759868, 519.070916031982, 520.4802344250202, 521.9141777220066, 516.2312356189941], [515.5907266930153, 553.8325318519783, 546.8113551849965, 548.6666087330086, 549.1898723930062, 551.4929149430245, 549.3351640799956, 558.6991405150038, 547.5687027380045, 547.7923361360154], [592.9589189530234, 591.1468513910077, 591.6120088470052, 590.2859582389938, 598.8191568810144, 590.9514383909991, 590.7057615040103, 591.0047572659969, 592.9050368639873, 583.8039107680088], [569.6377429810236, 554.58620908999, 554.0759638549935, 553.9204909340187, 554.1754136369855, 555.5273943080101, 565.7192203960149, 554.1141368160024, 555.2103146970039, 563.3234481410182]], "medians": [518644.25760398444, 548928.2405630074, 591075.8043285023, 554898.261893497], "lengs": [10.0, 21.544346900318832, 46.41588833612777, 100.0]}