{"benchmarks": [[0.04743191198213026, 0.0033709650160744786, 0.003586595004890114, 0.004200789000606164, 0.004083742009242997, 0.003934690001187846, 0.003993565012933686, 0.0037271400215104222, 0.0035600030096247792, 0.0035285890044178814], [0.0034430660016369075, 0.0033106490154750645, 0.003323651006212458, 0.0031343799782916903, 0.0030497590196318924, 0.0030504439782816917, 0.0029097299848217517, 0.0028148300189059228, 0.0028149359859526157, 0.0028026009968016297], [0.0026955519861076027, 0.0026169159973505884, 0.00259891600580886, 0.0026211960066575557, 0.0024752820027060807, 0.0024379749957006425, 0.0024485670146532357, 0.0024579619930591434, 0.0024438819964416325, 0.0024602169869467616], [0.0025229570164810866, 0.0025330240023322403, 0.0025298609980382025, 0.0025111010181717575, 0.0025246099976357073, 0.0025345519825350493, 0.0025113880110438913, 0.002525864983908832, 0.0025097409961745143, 0.0025217510119546205], [0.002576108992798254, 0.0025605810224078596, 0.0025645459827501327, 0.0025698060053400695, 0.002556472987635061, 0.0025637760118115693, 0.002568735013483092, 0.0025607589923311025, 0.0025663130218163133, 0.002625449007609859], [0.0025644720008131117, 0.0025708129978738725, 0.0025679699901957065, 0.0025517680041957647, 0.0025662309781182557, 0.0025600749941077083, 0.0025642050022725016, 0.0025660910177975893, 0.0025571470032446086, 0.0025680649850983173], [0.0025790200161281973, 0.002565406000940129, 0.002590401010820642, 0.002583032997790724, 0.002566780982306227, 0.00257365801371634, 0.002581248991191387, 0.0026108750025741756, 0.002572258992586285, 0.002575210004579276], [0.0025759440031833947, 0.002579127991339192, 0.0025661669787950814, 0.002572817000327632, 0.0025776869733817875, 0.002564896014519036, 0.002573019010014832, 0.0025737970136106014, 0.0025651650212239474, 0.0025832699902821332], [0.0026163140137214214, 0.0025782119773793966, 0.0025909700198099017, 0.0025867740041576326, 0.00257597301970236, 0.0025891510013025254, 0.002591035998193547, 0.0025796149857342243, 0.002586464019259438, 0.002571157005149871]], "medians": [3.830915011349134, 3.050101498956792, 2.467749494826421, 2.523783507058397, 2.565429502283223, 2.5652815093053505, 2.5771150103537366, 2.5734080118127167, 2.5866190117085353], "lengs": [10.0, 31.622776601683793, 100.0, 316.22776601683796, 1000.0, 3162.2776601683795, 10000.0, 31622.776601683792, 100000.0]}