{"benchmarks": [[0.03139891001046635, 0.029904156021075323, 0.029816683992976323, 0.02973702098825015, 0.02975080400938168, 0.029748164990451187, 0.029748101980658248, 0.029725100990617648, 0.029768265987513587, 0.029713042022194713], [0.030882104008924216, 0.03093861398519948, 0.030959704017732292, 0.030926780978916213, 0.030888046021573246, 0.030996779998531565, 0.031137453013798222, 0.03116121600032784, 0.03100138800800778, 0.030853659991407767], [0.032195899984799325, 0.03230826402432285, 0.0321992059762124, 0.03212611400522292, 0.03202326997416094, 0.03200366100645624, 0.03201806702418253, 0.032006377005018294, 0.03208144201198593, 0.032098660012707114], [0.03211332799401134, 0.03213951599900611, 0.03214144898811355, 0.03214713302440941, 0.03221773699624464, 0.03226811598869972, 0.03222117602126673, 0.03218361601466313, 0.032151760009583086, 0.032186601019930094], [0.03321025799959898, 0.033114706980995834, 0.033100614993600175, 0.033126630005426705, 0.03313386702211574, 0.033068618999095634, 0.03310833897558041, 0.033145605004392564, 0.033090251992689446, 0.033082872978411615], [0.03321249599684961, 0.03331063300720416, 0.033299085014732555, 0.03324127002269961, 0.033153366995975375, 0.03312943599303253, 0.03313581002294086, 0.0331280049867928, 0.03315443900646642, 0.03319917499902658], [0.03423081000801176, 0.034252934012329206, 0.03424330201232806, 0.03423197500524111, 0.03423660498810932, 0.0342471280018799, 0.03423113998724148, 0.03422273398609832, 0.034343991021160036, 0.03437507097260095]], "medians": [29.749484499916434, 30.949159001465887, 32.09005101234652, 32.16768801212311, 33.11152297828812, 33.1768070027465, 34.23995350021869], "lengs": [10.0, 31.622776601683793, 100.0, 316.22776601683796, 1000.0, 3162.2776601683795, 10000.0]}