{"benchmarks": [[41.964243855996756, 41.870107952010585, 42.02976117399521, 41.92918038900825, 41.988450196018675, 41.941601010010345, 41.888734375010245, 41.65167495998321, 40.65149801701773, 40.67462255200371], [77.65399857299053, 79.25671479501761, 78.01213668897981, 77.56070788600482, 77.67891446099384, 77.97134289197857, 77.78001516198856, 78.15244692002307, 79.55630913400091, 82.52416183700552], [140.89899707198492, 141.0712187140016, 141.34386486498988, 140.9481587249902, 140.8743674730067, 140.9733946970082, 145.3429783360043, 142.78421279898612, 141.2883105360088, 141.46816743799718], [275.4370666019968, 286.4826746539911, 286.31412237798213, 286.34909818400047, 288.5763434190012, 286.2841644109867, 285.66145443101414, 288.6402748620021, 286.20213816600153, 286.7545737409964]], "medians": [41908.95738200925, 77991.73979047919, 141179.7646250052, 286331.6102809913], "lengs": [10.0, 21.544346900318832, 46.41588833612777, 100.0]}