{"benchmarks": [[4095.7057481399997, 3957.302138601999, 3925.050490817999, 3960.9832628740005, 3970.0741191660018, 3949.583413888002, 3965.6650970630035, 3986.661952258997, 3965.8398406910055, 3928.574402898994], [4496.651441057998, 4567.448146483002, 4392.985415236995, 4391.714789700003, 4386.331288173991, 4300.986049858999, 4369.807637103004, 4305.934028196993, 4384.774466296993, 4503.384779426007], [5579.549051904003, 5597.691966328988, 5518.810430726997, 5440.722664321991, 5497.140417489994, 5494.121743630996, 5491.403599202997, 5405.78118742301, 5388.273462490994, 5487.31212076699], [6529.625896782993, 6597.692606263998, 6597.251773999014, 6686.7574061950145, 6659.112135856994, 6647.945511806989, 6669.351050377998, 6426.457001511008, 6474.3561110960145, 6557.861565598025]], "medians": [3963324.179968502, 4389023.038936997, 5492762.671416996, 6597472.190131506], "lengs": [10.0, 21.544346900318832, 46.41588833612777, 100.0]}