{"benchmarks": [[11.345029992982745, 10.141634359024465, 9.38409392099129, 9.422250169998733, 10.343885775015224, 10.254320012987591, 10.32809484101017, 10.146640955004841, 9.6301276589802, 9.525699035992147], [14.382537316996604, 16.376278151990846, 15.166084530996159, 14.230602542986162, 15.235636865021661, 15.075863463978749, 14.317715487995883, 15.190905861003557, 15.313070392992813, 15.13445747102378], [31.02110612799879, 32.31019882799592, 31.880541220016312, 31.790696966985706, 31.895735846977914, 30.923284211021382, 31.853673050994985, 31.809551862010267, 31.862077640980715, 32.59319027597667], [49.48368309199577, 49.16499459699844, 48.419131481001386, 50.28675468399888, 50.945637233002344, 49.77349447700544, 48.809635951998644, 50.66660279899952, 49.449841503985226, 49.70062371500535]], "medians": [10144.137657014653, 15150.271001009969, 31857.87534598785, 49592.15340350056], "lengs": [10.0, 21.544346900318832, 46.41588833612777, 100.0]}