{"benchmarks": [[0.8963095340004656, 0.8408596350054722, 0.8463618000096176, 0.8421716050070245, 0.8402269389771391, 0.8447089959809091, 0.8403039490222, 0.8382847930188291, 0.8481169959995896, 0.8410107240197249], [0.8940648570132907, 0.8787758190010209, 0.8795739540073555, 0.894334806012921, 0.8957829900027718, 0.8898086079861969, 0.8846959299989976, 0.8899796019832138, 0.8973597040167078, 0.8867520100029651], [0.9321607270103414, 0.7918636510148644, 0.9317681309767067, 0.927673258993309, 0.9331586640037131, 0.9319266800011974, 0.9314194319886155, 0.931320597010199, 0.9360063519852702, 0.930518826993648], [0.9387495869887061, 0.9431061869836412, 0.9412797600089107, 0.9510133980074897, 0.9398596129904035, 0.9420673690037802, 0.9484707629890181, 0.9473928090010304, 0.9511028540146071, 0.9425352700054646], [1.0091184580232948, 1.009535584016703, 1.0141728360031266, 1.013253559009172, 1.0137852459738497, 1.0128825530118775, 1.0153737969812937, 1.0090047509875149, 1.0160579929943196, 1.0099038110056426], [1.092341297015082, 1.0894623330095783, 1.0824633809970692, 1.0806539650075138, 1.0849178549833596, 0.8442985189903993, 0.8486238339974079, 0.8543871630099602, 0.8466624089924153, 0.8290487269987352], [1.3918427150056232, 1.0909412800101563, 1.3826527140045073, 1.3746963209996466, 1.3849838819878642, 1.3742909019929357, 1.3835720720235258, 1.3707479769946076, 1.3759565170039423, 1.356571967015043]], "medians": [841.5911645133747, 889.8941049847053, 931.5937814826611, 942.8207284945529, 1013.0680560105247, 967.520564008737, 1375.3264190017944], "lengs": [10.0, 31.622776601683793, 100.0, 316.22776601683796, 1000.0, 3162.2776601683795, 10000.0]}