{"benchmarks": [[49.058751038013725, 50.82863759898464, 49.70676694600843, 49.6062254649878, 49.90271409400157, 49.33714191499166, 49.53335436398629, 50.923955206002574, 49.73064227998839, 49.122530469991034], [64.64637280101306, 64.61320254197926, 64.53641394199803, 64.24653484602459, 64.1178419739881, 64.15435150900157, 64.48588274899521, 64.36716625001281, 64.74079449099372, 64.84500311999], [94.89777279799455, 92.38420030698762, 93.88023283000803, 93.09462951199384, 93.41754172797664, 91.38317990198266, 93.08922364798491, 92.75734458700754, 91.02041147300042, 92.97570531899692], [153.84282101801364, 154.60851425598958, 153.68058536498575, 154.24008703397703, 154.663091274997, 157.93985531601356, 154.83315597000183, 153.9616070019838, 155.97981240501394, 156.57930129798478]], "medians": [49656.496205498115, 64511.14834549662, 93032.46448349091, 154635.80276549328], "lengs": [10.0, 21.544346900318832, 46.41588833612777, 100.0]}