{"benchmarks": [[4.575015145004727, 4.543153397011338, 4.526415230997372, 4.596153778984444, 4.575403243012261, 4.164708330004942, 4.253091677004704, 4.574564990005456, 4.554625199001748, 4.522604831989156], [5.040000717999646, 5.01684848201694, 5.000131918000989, 4.850810933014145, 4.947230532008689, 5.065695166995283, 5.116465037979651, 5.086013241001638, 5.041596350027248, 5.0611584759899415], [6.495711408992065, 5.946353364997776, 6.500897761987289, 6.502810325997416, 6.490601036988664, 6.4853432060044724, 6.508697293000296, 6.406205697014229, 6.499091984995175, 6.492214489000617], [10.24209695099853, 10.256111174996477, 10.103684845991665, 10.193360176985152, 10.24737144599203, 10.320782199996756, 10.215948444994865, 10.245745838008588, 10.193527019990142, 10.194694963982329], [20.877456323010847, 20.88600711800973, 21.941251643991563, 20.993395064986544, 20.875798427005066, 20.971590192988515, 21.813008390017785, 20.866983672982315, 20.925556771020638, 20.9263057539938], [54.8842529229878, 54.988244935986586, 54.979232055018656, 54.59768746898044, 54.982858831004705, 54.89418390899664, 55.278130271995906, 56.17483149902546, 54.72658747099922, 55.01346184199792], [161.93628010500106, 163.37393684699782, 162.63036218000343, 163.14763872799813, 163.9565095580183, 164.2633093209879, 162.76323899001, 162.0167424500105, 162.4251103780116, 163.36221214898978]], "medians": [4548.889298006543, 5040.798534013447, 6493.962948996341, 10229.022697996697, 20925.93126250722, 54981.04544301168, 162955.43885900406], "lengs": [10.0, 31.622776601683793, 100.0, 316.22776601683796, 1000.0, 3162.2776601683795, 10000.0]}