{"benchmarks": [[3.5469034030102193, 3.579642683005659, 3.6197967680054717, 3.6012230439810082, 3.6259219410130754, 3.594083194009727, 3.5940777589858044, 3.618787218001671, 3.739333525998518, 3.6501088220102247], [3.639718343009008, 3.5222100660030264, 3.671091102005448, 3.7331139169982634, 3.6283509820059408, 3.668490670999745, 3.680175777990371, 3.615845687018009, 3.615452878002543, 3.6195701120013837], [3.5847082450054586, 3.6811059860046953, 3.658101565000834, 3.6412811480113305, 3.5828582770191133, 3.494028312008595, 3.6814204499823973, 3.6703964459884446, 3.7169004140014295, 3.778691326006083], [3.713010065985145, 3.7160317939997185, 3.6975489289907273, 3.7201451350119896, 3.058541554986732, 3.485759325005347, 3.817244801990455, 3.7722276450076606, 3.773577199986903, 3.7956889479828533], [3.906924467009958, 3.8651145589828957, 3.8018006809870712, 3.817963889974635, 3.9504065309884027, 3.832349812000757, 3.7836763609957416, 3.801833010977134, 3.8377135620103218, 3.7548440060054418], [4.045536042016465, 4.189587091997964, 4.097283722017892, 4.04337423099787, 4.115222168009495, 4.06308747199364, 4.054961565998383, 4.104527459014207, 3.9313088759954553, 3.6749376409861725], [4.215801037003985, 4.08585029799724, 4.151580191013636, 4.4817328749923036, 4.57021816901397, 4.702633553999476, 4.725085943995509, 4.495320663991151, 4.518840314995032, 4.736389321013121], [6.591486071003601, 7.3731515599938575, 7.3628552310110535, 7.322804308991181, 7.29263216801337, 6.835628531000111, 7.293179294996662, 6.594251325994264, 7.356564991991036, 6.481049225025345], [13.302694326004712, 13.615992634004215, 13.51754277801956, 13.722635454992997, 13.593450057000155, 13.565938243002165, 13.528592393995496, 13.561023454996757, 13.643504072999349, 13.54164129900164]], "medians": [3610.0051309913397, 3634.0346625074744, 3664.2490054946393, 3718.088464505854, 3825.156850987696, 4059.0245189960115, 4507.080489493092, 7292.905731505016, 13563.480848999461], "lengs": [10.0, 31.622776601683793, 100.0, 316.22776601683796, 1000.0, 3162.2776601683795, 10000.0, 31622.776601683792, 100000.0]}