{"benchmarks": [[0.09370458399644122, 0.04874006300815381, 0.0421169989858754, 0.04003648000070825, 0.03969679499277845, 0.03947714899550192, 0.03789540601428598, 0.03891024200129323, 0.03971698900568299, 0.04082595801446587], [0.04422187799355015, 0.041042002994799986, 0.03920592999202199, 0.04090281898970716, 0.03942888299934566, 0.03964746100245975, 0.03975072602042928, 0.039749963994836435, 0.04066050800611265, 0.04155028398963623], [0.045224566012620926, 0.04491134197451174, 0.0418911230226513, 0.041988716984633356, 0.04164850400411524, 0.04285914497449994, 0.04206833799253218, 0.041914087982149795, 0.040807964018313214, 0.04216571099823341], [0.045404795004287735, 0.04498402200988494, 0.04362980800215155, 0.04176114100846462, 0.04122295801062137, 0.04132665501674637, 0.041435835999436677, 0.04141234501730651, 0.04177966600400396, 0.040947080007754266], [0.04963662099908106, 0.047170962003292516, 0.04707102201064117, 0.047580898011801764, 0.047518135979771614, 0.07291909499326721, 0.055720912001561373, 0.051405289996182546, 0.04813673297758214, 0.047563992004143074], [0.06732520498917438, 0.06760288900113665, 0.06770262398640625, 0.06781293998938054, 0.09594041499076411, 0.06869793398072943, 0.06745609801146202, 0.09434415298164822, 0.06737629999406636, 0.0675865360244643], [0.1448616610141471, 0.13167527798213996, 0.14084991099662147, 0.13836632101447321, 0.13827564401435666, 0.13562668600934558, 0.1328225590114016, 0.1775279380090069, 0.1824196930101607, 0.1374511889880523], [0.37597533900407143, 0.4103917710017413, 0.41083377500763163, 0.37371977101429366, 0.4096918069990352, 0.37459785901592113, 0.4153025599953253, 0.41517642099643126, 0.37617863598279655, 0.42946038299123757], [1.1535518419987056, 1.3041449379816186, 1.1990178499836475, 1.2724992939911317, 1.2772230390110053, 1.269896707002772, 1.268328008998651, 1.1555526200099848, 0.8772614260087721, 1.213056239997968]], "medians": [39.87673450319562, 40.20561701327097, 42.02852748858277, 41.59848850395065, 47.85881549469195, 67.65275649377145, 138.32098251441494, 410.04178900038823, 1240.6921244983096], "lengs": [10.0, 31.622776601683793, 100.0, 316.22776601683796, 1000.0, 3162.2776601683795, 10000.0, 31622.776601683792, 100000.0]}