{"benchmarks": [[1209.323905089026, 1194.227010875009, 1190.4331026200089, 1202.2580132909934, 1191.2446166950103, 1287.9414757699997, 1329.488031374989, 1328.8921386470029, 1332.0274541300023, 1384.9378875480033], [1692.0566211539845, 1669.8107110230194, 1661.4221450090117, 1654.6028373749868, 1684.506159104989, 1657.3590306509868, 1652.3416334689828, 1658.6439354910108, 1647.308231197996, 1570.3886025960092], [1552.8719193220022, 1438.6682727810112, 1473.094753451005, 1530.9841244979762, 1534.4011680969852, 1552.932380815997, 1535.3242341040168, 1543.760103993991, 1541.658944572002, 1521.7998088090098], [1638.0744965939957, 1628.9504185139958, 1632.2352954059897, 1637.09630934702, 1632.1848625330313, 1631.3031213729992, 1607.5011639489676, 1578.516351554019, 1586.0562696190318, 1579.7020904080127]], "medians": [1248632.6904295129, 1658001.483070999, 1534862.701100501, 1630126.7699434976], "lengs": [10.0, 21.544346900318832, 46.41588833612777, 100.0]}